{
  "bootstrap": {
    "src": ["dist/js/bootstrap.min.js", "dist/js/bootstrap.min.js.map"],
    "dest": "bootstrap"
  },

  "@fortawesome/fontawesome-free": {
    "src": "js/all.min.js",
    "dest": "fontawesome"
  },

  "@popperjs": {
    "src": "core/dist/umd/popper.min.js",
    "dest": "@popperjs"
  },

  "is_js": {
    "src": "is.min.js",
    "dest": "is"
  },
  "bigpicture": {
    "src": "dist/BigPicture.min.js",
    "dest": "bigpicture"
  },
  "overlayscrollbars": {
    "src": ["js/OverlayScrollbars.min.js", "css/OverlayScrollbars.min.css"],
    "dest": "overlayscrollbars"
  }
}